epoch,step,train_loss,val_loss
0,49,0.6302578449249268,
0,99,0.5280370116233826,
0,149,0.3795403242111206,
0,199,0.32299938797950745,
0,249,0.34723785519599915,
0,299,0.3284077048301697,
0,349,0.2954082190990448,
0,351,,0.2928566038608551
