epoch,step,train_loss,val_loss
0,49,0.6392040252685547,
0,99,0.4523303508758545,
0,149,0.3431762456893921,
0,199,0.40512561798095703,
0,249,0.34083694219589233,
0,299,0.2983180582523346,
0,349,0.27358904480934143,
0,351,,0.2914499044418335
