epoch,step,train_loss,val_loss
0,49,0.6429321765899658,
0,99,0.3742094933986664,
0,149,0.34703654050827026,
0,199,0.3719557821750641,
0,249,0.33709225058555603,
0,299,0.30593806505203247,
0,349,0.34482207894325256,
0,351,,0.30941063165664673
